<GraphicElementCollection>
  <Rectangle Id="40">
    <Attributes>
      <UniqueName>cc4eccce-6fb4-4dd3-a606-095c0118578f</UniqueName>
      <FontSize>13</FontSize>
      <IsMeasurementVisible>true</IsMeasurementVisible>
    </Attributes>
    <TextElements>
      <TextElement Id="Annotation" Type="AlignPosition">
        <Position>45.8857142857145,194</Position>
      </TextElement>
    </TextElements>
    <Geometry>
      <Left>43.885714285714471</Left>
      <Top>192.00000000000023</Top>
      <Width>160.91428571428582</Width>
      <Height>244.11428571428553</Height>
    </Geometry>
    <Features>
      <Feature>
        <Name>Area</Name>
        <IsDisplayEnabled>true</IsDisplayEnabled>
      </Feature>
      <Feature>
        <Name>IntensityMean</Name>
        <IsDisplayEnabled>true</IsDisplayEnabled>
      </Feature>
    </Features>
  </Rectangle>
</GraphicElementCollection>



<GraphicElementCollection>
  <Circle Id="41">
    <Attributes>
      <UniqueName>7964b35f-1bfc-4310-9b34-b42dd2246193</UniqueName>
      <FontSize>13</FontSize>
      <IsMeasurementVisible>true</IsMeasurementVisible>
    </Attributes>
    <TextElements>
      <TextElement Id="Annotation" Type="AlignPosition">
        <Position>439.735492492858,460.76406392143</Position>
      </TextElement>
    </TextElements>
    <Geometry>
      <CenterX>488.22857142857151</CenterX>
      <CenterY>509.25714285714287</CenterY>
      <Radius>50.493078935713186</Radius>
    </Geometry>
    <Features>
      <Feature>
        <Name>Area</Name>
        <IsDisplayEnabled>true</IsDisplayEnabled>
      </Feature>
      <Feature>
        <Name>IntensityMean</Name>
        <IsDisplayEnabled>true</IsDisplayEnabled>
      </Feature>
      <Feature>
        <Name>Diameter</Name>
        <IsDisplayEnabled>true</IsDisplayEnabled>
      </Feature>
    </Features>
  </Circle>
</GraphicElementCollection>