﻿<?xml version="1.0" encoding="utf-8"?>
<PVScan version="5.3.64.217" date="7/7/2015 10:05:27 AM" notes="">
  <PVStateShard>
    <PVStateValue key="activeMode" value="SFC" />
    <PVStateValue key="bitDepth" value="16" />
    <PVStateValue key="dwellTime" value="2" />
    <PVStateValue key="framePeriod" value="0.1" />
    <PVStateValue key="heliosID">
      <IndexedValue index="0" value="08134066" description="Imaging" />
      <IndexedValue index="1" value="08134067" description="Uncaging" />
    </PVStateValue>
    <PVStateValue key="heliosNDFilter">
      <IndexedValue index="0" value="0" description="Open" />
      <IndexedValue index="1" value="0" description="Open" />
    </PVStateValue>
    <PVStateValue key="interlacedScanTrackCount" value="0" />
    <PVStateValue key="laserPower">
      <IndexedValue index="0" value="0" description="405nm" />
      <IndexedValue index="1" value="110" description="488nm" />
      <IndexedValue index="2" value="0" description="514nm" />
      <IndexedValue index="3" value="0" description="561nm" />
      <IndexedValue index="4" value="0" description="647nm" />
      <IndexedValue index="5" value="0" description="PA 405" />
      <IndexedValue index="6" value="0" description="PA 488" />
      <IndexedValue index="7" value="0" description="PA 561" />
      <IndexedValue index="8" value="0" description="PA 647" />
      <IndexedValue index="9" value="0" description="1LED" />
    </PVStateValue>
    <PVStateValue key="LEDPower">
      <IndexedValue index="0" value="5" description="460 nm LED" />
      <IndexedValue index="1" value="5" description="447 nm LED" />
      <IndexedValue index="2" value="5" description="565 nm LED" />
      <IndexedValue index="3" value="5" description="635 nm LED" />
      <IndexedValue index="4" value="0" description="1LED" />
    </PVStateValue>
    <PVStateValue key="LEDchannelSelected">
      <SubindexedValues index="0">
        <SubindexedValue subindex="0" value="True" />
        <SubindexedValue subindex="1" value="False" />
        <SubindexedValue subindex="2" value="True" />
        <SubindexedValue subindex="3" value="False" />
        <SubindexedValue subindex="4" value="False" />
      </SubindexedValues>
      <SubindexedValues index="1">
        <SubindexedValue subindex="0" value="False" />
        <SubindexedValue subindex="1" value="False" />
        <SubindexedValue subindex="2" value="False" />
        <SubindexedValue subindex="3" value="False" />
        <SubindexedValue subindex="4" value="False" />
      </SubindexedValues>
      <SubindexedValues index="2">
        <SubindexedValue subindex="0" value="False" />
        <SubindexedValue subindex="1" value="False" />
        <SubindexedValue subindex="2" value="False" />
        <SubindexedValue subindex="3" value="False" />
        <SubindexedValue subindex="4" value="False" />
      </SubindexedValues>
      <SubindexedValues index="3">
        <SubindexedValue subindex="0" value="False" />
        <SubindexedValue subindex="1" value="False" />
        <SubindexedValue subindex="2" value="False" />
        <SubindexedValue subindex="3" value="False" />
        <SubindexedValue subindex="4" value="False" />
      </SubindexedValues>
    </PVStateValue>
    <PVStateValue key="linesPerFrame" value="512" />
    <PVStateValue key="maxVoltage">
      <IndexedValue index="XAxis" value="-5.7" />
      <IndexedValue index="YAxis" value="-9.04" />
    </PVStateValue>
    <PVStateValue key="micronsPerPixel">
      <IndexedValue index="XAxis" value="0.41095890410959" />
      <IndexedValue index="YAxis" value="0.41095890410959" />
    </PVStateValue>
    <PVStateValue key="minVoltage">
      <IndexedValue index="XAxis" value="7.1" />
      <IndexedValue index="YAxis" value="3.76" />
    </PVStateValue>
    <PVStateValue key="objectiveLens" value="PlanFluor 40x/ 1.30 Oil PFS" />
    <PVStateValue key="objectiveLensMag" value="40" />
    <PVStateValue key="objectiveLensNA" value="1.3" />
    <PVStateValue key="pixelsPerLine" value="512" />
    <PVStateValue key="positionCurrent">
      <SubindexedValues index="XAxis">
        <SubindexedValue subindex="0" value="-25040" />
      </SubindexedValues>
      <SubindexedValues index="YAxis">
        <SubindexedValue subindex="0" value="3167.2" />
      </SubindexedValues>
      <SubindexedValues index="ZAxis">
        <SubindexedValue subindex="0" value="4450.7" description="Z Focus" />
        <SubindexedValue subindex="1" value="0" description="Analog Piezo" />
      </SubindexedValues>
    </PVStateValue>
    <PVStateValue key="rastersPerFrame" value="1" />
    <PVStateValue key="scanLinePeriod" value="0" />
    <PVStateValue key="sfc_aperture" value="45um pinhole" />
    <PVStateValue key="sfc_binFactor" value="1" />
    <PVStateValue key="sfc_channelLaserSelected">
      <SubindexedValues index="0">
        <SubindexedValue subindex="0" value="False" />
        <SubindexedValue subindex="1" value="True" />
        <SubindexedValue subindex="2" value="False" />
        <SubindexedValue subindex="3" value="False" />
        <SubindexedValue subindex="4" value="False" />
        <SubindexedValue subindex="9" value="True" />
      </SubindexedValues>
      <SubindexedValues index="1">
        <SubindexedValue subindex="0" value="False" />
        <SubindexedValue subindex="1" value="False" />
        <SubindexedValue subindex="2" value="False" />
        <SubindexedValue subindex="3" value="False" />
        <SubindexedValue subindex="4" value="False" />
        <SubindexedValue subindex="9" value="False" />
      </SubindexedValues>
      <SubindexedValues index="2">
        <SubindexedValue subindex="0" value="False" />
        <SubindexedValue subindex="1" value="False" />
        <SubindexedValue subindex="2" value="False" />
        <SubindexedValue subindex="3" value="False" />
        <SubindexedValue subindex="4" value="False" />
        <SubindexedValue subindex="9" value="False" />
      </SubindexedValues>
      <SubindexedValues index="3">
        <SubindexedValue subindex="0" value="False" />
        <SubindexedValue subindex="1" value="False" />
        <SubindexedValue subindex="2" value="False" />
        <SubindexedValue subindex="3" value="False" />
        <SubindexedValue subindex="4" value="False" />
        <SubindexedValue subindex="9" value="False" />
      </SubindexedValues>
    </PVStateValue>
    <PVStateValue key="sfc_emissionFilter" value="Quad" />
    <PVStateValue key="sfc_exposureMode" value="Timed" />
    <PVStateValue key="sfc_exposureTime" value="100" />
    <PVStateValue key="sfc_gain">
      <IndexedValue index="0" value="1" description="Camera 1" />
    </PVStateValue>
    <PVStateValue key="sfc_gainMultFactor">
      <IndexedValue index="0" value="131" description="Camera 1" />
    </PVStateValue>
    <PVStateValue key="sfc_galvoMode" value="Normal" />
    <PVStateValue key="sfc_imagingMode" value="Confocal" />
    <PVStateValue key="sfc_piezoHalfPeriod" value="0.1" />
    <PVStateValue key="sfc_readoutPortSetting">
      <IndexedValue index="0" value="0" description="Camera 1: 20 MHz (EM)" />
    </PVStateValue>
    <PVStateValue key="xYStageGridIndex" value="0" />
    <PVStateValue key="xYStageGridXIndex" value="-1" />
    <PVStateValue key="xYStageGridYIndex" value="-1" />
    <PVStateValue key="yAspectExpansion" value="1" />
    <PVStateValue key="zDevice" value="1" />
  </PVStateShard>
  <Sequence type="AtlasVolume" cycle="0" time="10:05:27.3221446" xYStageGridDefined="True" xYStageGridNumXPositions="2" xYStageGridNumYPositions="2" xYStageGridOverlapPercentage="15" xYStageGridXOverlap="31.5616438356165" xYStageGridYOverlap="31.5616438356165">
    <PVStateShard>
      <PVStateValue key="positionCurrent">
        <SubindexedValues index="XAxis">
          <SubindexedValue subindex="0" value="-24885.4794520548" />
        </SubindexedValues>
        <SubindexedValues index="YAxis">
          <SubindexedValue subindex="0" value="3040.45890410959" />
        </SubindexedValues>
        <SubindexedValues index="ZAxis">
          <SubindexedValue subindex="0" value="4450.7" description="Z Focus" />
          <SubindexedValue subindex="1" value="0" description="Analog Piezo" />
        </SubindexedValues>
      </PVStateValue>
      <PVStateValue key="xYStageGridIndex" value="1" />
      <PVStateValue key="xYStageGridXIndex" value="1" />
      <PVStateValue key="xYStageGridYIndex" value="1" />
    </PVStateShard>
    <Frame relativeTime="0" absoluteTime="0.448999999999614" index="1" parameterSet="CurrentSettings">
      <File channel="1" channelName="Ch1" relativeTime="0" absoluteTime="0.449" filename="AtlasVolume-07072015-0914-008_Cycle00000_Ch1_000001.ome.tif" />
      <ExtraParameters lastGoodFrame="0" />
      <PVStateShard />
    </Frame>
  </Sequence>
  <Sequence type="AtlasVolume" cycle="1" time="10:05:28.4232076" xYStageGridDefined="True" xYStageGridNumXPositions="2" xYStageGridNumYPositions="2" xYStageGridOverlapPercentage="15" xYStageGridXOverlap="31.5616438356165" xYStageGridYOverlap="31.5616438356165">
    <PVStateShard>
      <PVStateValue key="positionCurrent">
        <SubindexedValues index="XAxis">
          <SubindexedValue subindex="0" value="-25064.2465753425" />
        </SubindexedValues>
        <SubindexedValues index="YAxis">
          <SubindexedValue subindex="0" value="3040.45890410959" />
        </SubindexedValues>
        <SubindexedValues index="ZAxis">
          <SubindexedValue subindex="0" value="4450.7" description="Z Focus" />
          <SubindexedValue subindex="1" value="0" description="Analog Piezo" />
        </SubindexedValues>
      </PVStateValue>
      <PVStateValue key="xYStageGridIndex" value="2" />
      <PVStateValue key="xYStageGridXIndex" value="2" />
      <PVStateValue key="xYStageGridYIndex" value="1" />
    </PVStateShard>
    <Frame relativeTime="0" absoluteTime="1.54999999999973" index="1" parameterSet="CurrentSettings">
      <File channel="1" channelName="Ch1" relativeTime="0" absoluteTime="1.55" filename="AtlasVolume-07072015-0914-008_Cycle00001_Ch1_000001.ome.tif" />
      <ExtraParameters lastGoodFrame="0" />
      <PVStateShard />
    </Frame>
  </Sequence>
  <Sequence type="AtlasVolume" cycle="2" time="10:05:29.5242705" xYStageGridDefined="True" xYStageGridNumXPositions="2" xYStageGridNumYPositions="2" xYStageGridOverlapPercentage="15" xYStageGridXOverlap="31.5616438356165" xYStageGridYOverlap="31.5616438356165">
    <PVStateShard>
      <PVStateValue key="positionCurrent">
        <SubindexedValues index="XAxis">
          <SubindexedValue subindex="0" value="-24885.4794520548" />
        </SubindexedValues>
        <SubindexedValues index="YAxis">
          <SubindexedValue subindex="0" value="3219.22602739726" />
        </SubindexedValues>
        <SubindexedValues index="ZAxis">
          <SubindexedValue subindex="0" value="4450.7" description="Z Focus" />
          <SubindexedValue subindex="1" value="0" description="Analog Piezo" />
        </SubindexedValues>
      </PVStateValue>
      <PVStateValue key="xYStageGridIndex" value="3" />
      <PVStateValue key="xYStageGridXIndex" value="1" />
      <PVStateValue key="xYStageGridYIndex" value="2" />
    </PVStateShard>
    <Frame relativeTime="0" absoluteTime="2.58699999999999" index="1" parameterSet="CurrentSettings">
      <File channel="1" channelName="Ch1" relativeTime="0" absoluteTime="2.587" filename="AtlasVolume-07072015-0914-008_Cycle00002_Ch1_000001.ome.tif" />
      <ExtraParameters lastGoodFrame="0" />
      <PVStateShard />
    </Frame>
  </Sequence>
  <Sequence type="AtlasVolume" cycle="3" time="10:05:30.5253278" xYStageGridDefined="True" xYStageGridNumXPositions="2" xYStageGridNumYPositions="2" xYStageGridOverlapPercentage="15" xYStageGridXOverlap="31.5616438356165" xYStageGridYOverlap="31.5616438356165">
    <PVStateShard>
      <PVStateValue key="positionCurrent">
        <SubindexedValues index="XAxis">
          <SubindexedValue subindex="0" value="-25064.2465753425" />
        </SubindexedValues>
        <SubindexedValues index="YAxis">
          <SubindexedValue subindex="0" value="3219.22602739726" />
        </SubindexedValues>
        <SubindexedValues index="ZAxis">
          <SubindexedValue subindex="0" value="4450.7" description="Z Focus" />
          <SubindexedValue subindex="1" value="0" description="Analog Piezo" />
        </SubindexedValues>
      </PVStateValue>
      <PVStateValue key="xYStageGridIndex" value="4" />
      <PVStateValue key="xYStageGridXIndex" value="2" />
      <PVStateValue key="xYStageGridYIndex" value="2" />
    </PVStateShard>
    <Frame relativeTime="0" absoluteTime="3.62299999999959" index="1" parameterSet="CurrentSettings">
      <File channel="1" channelName="Ch1" relativeTime="0" absoluteTime="3.623" filename="AtlasVolume-07072015-0914-008_Cycle00003_Ch1_000001.ome.tif" />
      <ExtraParameters lastGoodFrame="0" />
      <PVStateShard />
    </Frame>
  </Sequence>
</PVScan>